COURSE TOPIC,COURSE TITLE,COURSE INSTRUCTORS,COURSE RATING
,,,
DATA SCIENCE,"The Data Science Course 2021: Complete Data Science Bootcamp
","365 Careers
365 Careers Team
","4.6
"
,,,
DATA SCIENCE,"Deep Learning A-Z™: Hands-On Artificial Neural Networks
","Kirill Eremenko
Hadelin de Ponteves
Ligency Team
","4.6
"
,,,
DATA SCIENCE,"Statistics for Data Science and Business Analysis
","365 Careers
365 Careers Team
","4.6
"
,,,
DATA SCIENCE,"Machine Learning, Data Science and Deep Learning with Python
","Sundog Education by Frank Kane
Frank Kane
Sundog Education Team
","4.7
"
,,,
DATA SCIENCE,"Data Science: Natural Language Processing (NLP) in Python
","Lazy Programmer Inc.
","4.6
"
,,,
JAVA PROGRAMMING,"Java Programming Masterclass covering Java 11 & Java 17
","Tim Buchalka
Tim Buchalka's Learn Programming Academy
","4.6
"
,,,
JAVA PROGRAMMING,"Java Programming for Complete Beginners
","in28Minutes Official
","4.5
"
,,,
JAVA PROGRAMMING,"Java Multithreading, Concurrency & Performance Optimization
","Michael Pogrebinsky | Java Expert & Software Architecture Specialist
","4.7
"
,,,
JAVA PROGRAMMING,"Java Streams API Developer Guide
","Nelson Jamal
","4.4
"
,,,
JAVA PROGRAMMING,"Java Programming Bootcamp 2021 - Build Real Projects!
","Ghulam Abbas
","4.6
"
,,,
PYTHON PROGRAMMING,"Learn Python Programming Masterclass
","Tim Buchalka
Jean-Paul Roberts
Tim Buchalka's Learn Programming Academy
","4.5
"
,,,
PYTHON PROGRAMMING,"Python for Beginners: Learn Python Programming (Python 3)
","Jason Cannon
","4.5
"
,,,
PYTHON PROGRAMMING,"Python OOP - Object Oriented Programming for Beginners
","Estefania Cassingena Navone
","4.5
"
,,,
PYTHON PROGRAMMING,"Python Programming Bootcamp
","Derek Banas
","4.6
"
,,,
PYTHON PROGRAMMING,"Easy Python Programming Beginners Pro Python SQL MySQL Mongo
","Musavi Abdullah
","4.6
"
,,,
PYTHON PROGRAMMING,"Python Network Programming for Network Engineers (Python 3)
","David Bombal
Experts with David Bombal
","4.7
"
,,,
WEB DEVELOPMENT,"The Web Developer Bootcamp 2021
","Colt Steele
","4.7
"
,,,
WEB DEVELOPMENT,"The Complete JavaScript Course 2021: From Zero to Expert!
","Jonas Schmedtmann
","4.7
"
,,,
WEB DEVELOPMENT,"Modern React with Redux
","Stephen Grider
","4.7
"
,,,
WEB DEVELOPMENT,"Build Responsive Real-World Websites with HTML and CSS
","Jonas Schmedtmann
","4.7
"
,,,
WEB DEVELOPMENT,"Advanced CSS and Sass: Flexbox, Grid, Animations and More!
","Jonas Schmedtmann
","4.8
"
,,,
CYBER SECURITY,"The Absolute Beginners Guide to Cyber Security 2021 - Part 1
","Alexander Oni
","4.6
"
,,,
CYBER SECURITY,"The Complete Cyber Security Course : Network Security!
","Nathan House
","4.6
"
,,,
CYBER SECURITY,"Start & Grow Your Successful Career in Cyber Security
","Alexander Oni
","4.6
"
,,,
CYBER SECURITY,"Security Operations Center - SOC Training
","Sai Acuity Institute of Learning Pvt Ltd Enabling Learning Through Insight!
","4.1
"
,,,
CYBER SECURITY,"Complete Cyber Security Masterclass: Beginner to Advance
","Marufa Yasmin
J Kin
","4.7
"
